<sources>
	<item>
		<name>Kaltura streamer (LeadWithHLSOnFlash) </name>
		<url>http://apache-testing.dev.kaltura.com/p/1091/sp/109100/playManifest/entryId/0_ue0n7lmw/format/applehttp/protocol/http/uiConfId/15088771/a.m3u8?referrer=aHR0cDovL2V4dGVybmFsdGVzdHMuZGV2LmthbHR1cmEuY29t&responseFormat=m3u8&callback=jQuery111106298717719037086_1425418291289&_=1425418291290</url>
	</item>
	<item>
		<name>Uplynk AES</name>
		<url>http://content.uplynk.com/2bc2287cdfc4429eb632f7f211eb25b9.m3u8</url>
	</item>
	<item>
		<name>Olive.fr Live Captions</name>
		<url>http://olive.fr.globecast.tv/live/disk4/sub/hls_sub/index.m3u8</url>
	</item>
	<item>
		<name>Ad Stitching Example</name>
		<url>http://lbd.kaltura.com/d2/new.m3u8</url>
	</item>
	<item>
		<name>Short Stream</name>
		<url>http://apache-testing.dev.kaltura.com/p/1091/sp/109100/playManifest/entryId/0_0fq66zlh/flavorIds/0_3dsewp08,0_hxydxtc8,0_1tqp0z5y/format/applehttp/protocol/http/a.m3u8</url>
	</item>
	<item>
		<name>DJing</name>
		<url>http://www.djing.com/tv/live.m3u8</url>
	</item>
	<item>
		<name>ABC Live</name>
		<url>http://abclive.abcnews.com/i/abc_live4@136330/master.m3u8</url>
	</item>
	<item>
		<name>AD/TV Grab</name>
		<url>http://playertest.longtailvideo.com/adaptive/captions/playlist.m3u8</url>
	</item>
	<item>
		<name>Folgers</name>
		<url>http://cdnbakmi.kaltura.com/p/243342/sp/24334200/playManifest/entryId/0_uka1msg4/flavorIds/1_vqhfu6uy,1_80sohj7p/format/applehttp/protocol/http/a.m3u8</url>
	</item>
	<item>
		<name>Office Sports</name>
		<url>http://www.kaltura.com/p/243342/sp/24334200/playManifest/entryId/1_23pqn2nu/flavorIds/1_vy4eeqwx/format/applehttp/protocol/http/a.m3u8</url>
	</item>
	<item>
		<name>Kaltura VOD</name>
		<url>http://www.kaltura.com/p/0/playManifest/entryId/1_0i2t7w0i/format/applehttp/a.m3u8</url>
	</item>
	<item>
		<name>Einat Test Stream</name>
		<url>http://cdnapi.kaltura.com/p/1878761/sp/187876100/playManifest/entryId/1_9u6tpaco/format/applehttp/protocol/http/uiConfId/28013271/a.m3u8</url>
	</item>
	<item>
		<name>NASSA</name>
		<url>http://public.infozen.cshls.lldns.net/infozen/public/public.m3u8</url>
	</item>

	
</sources>


